INSERT INTO regiones (region_id,region_nombre,region_ordinal)  values(1,'Arica y Parinacota','XV');
	INSERT INTO regiones (region_id,region_nombre,region_ordinal)  values(2,'Tarapaca','I');
	INSERT INTO regiones (region_id,region_nombre,region_ordinal)  values(3,'Antofagasta','II');
	INSERT INTO regiones (region_id,region_nombre,region_ordinal)  values(4,'Atacama','III');
	INSERT INTO regiones (region_id,region_nombre,region_ordinal)  values(5,'Coquimbo','IV');
	INSERT INTO regiones (region_id,region_nombre,region_ordinal)  values(6,'Valparaiso','V');
	INSERT INTO regiones (region_id,region_nombre,region_ordinal)  values(7,'Metropolitana de Santiago','RM');
	INSERT INTO regiones (region_id,region_nombre,region_ordinal)  values(8,'Libertador General Bernardo OHiggins','VI');
	INSERT INTO regiones (region_id,region_nombre,region_ordinal)  values(9,'Maule','VII');
	INSERT INTO regiones (region_id,region_nombre,region_ordinal)  values(10,'Biobio','VIII');
	INSERT INTO regiones (region_id,region_nombre,region_ordinal)  values(11,'La Araucania','IX');
	INSERT INTO regiones (region_id,region_nombre,region_ordinal)  values(12,'Los Rios','XIV');
	INSERT INTO regiones (region_id,region_nombre,region_ordinal)  values(13,'Los Lagos','X');
	INSERT INTO regiones (region_id,region_nombre,region_ordinal)  values(14,'Aisen del General Carlos Ibanez del Campo','XI');
	INSERT INTO regiones (region_id,region_nombre,region_ordinal)  values(15,'Magallanes y de la Antartica Chilena','XII');

 
	INSERT INTO provincias (provincia_id,provincia_nombre,region_id)VALUES(1,'Arica',1);
	INSERT INTO provincias (provincia_id,provincia_nombre,region_id)VALUES(2,'Parinacota',1);
	INSERT INTO provincias (provincia_id,provincia_nombre,region_id)VALUES(3,'Iquique',2);
	INSERT INTO provincias (provincia_id,provincia_nombre,region_id)VALUES(4,'El Tamarugal',2);
	INSERT INTO provincias (provincia_id,provincia_nombre,region_id)VALUES(5,'Antofagasta',3);
	INSERT INTO provincias (provincia_id,provincia_nombre,region_id)VALUES(6,'El Loa',3);
	INSERT INTO provincias (provincia_id,provincia_nombre,region_id)VALUES(7,'Tocopilla',3);
	INSERT INTO provincias (provincia_id,provincia_nombre,region_id)VALUES(8,'Chanaral',4);
	INSERT INTO provincias (provincia_id,provincia_nombre,region_id)VALUES(9,'Copiapo',4);
	INSERT INTO provincias (provincia_id,provincia_nombre,region_id)VALUES(10,'Huasco',4);
	INSERT INTO provincias (provincia_id,provincia_nombre,region_id)VALUES(11,'Choapa',5);
	INSERT INTO provincias (provincia_id,provincia_nombre,region_id)VALUES(12,'Elqui',5);
	INSERT INTO provincias (provincia_id,provincia_nombre,region_id)VALUES(13,'Limari',5);
	INSERT INTO provincias (provincia_id,provincia_nombre,region_id)VALUES(14,'Isla de Pascua',6);
	INSERT INTO provincias (provincia_id,provincia_nombre,region_id)VALUES(15,'Los Andes',6);
	INSERT INTO provincias (provincia_id,provincia_nombre,region_id)VALUES(16,'Petorca',6);
	INSERT INTO provincias (provincia_id,provincia_nombre,region_id)VALUES(17,'Quillota',6);
	INSERT INTO provincias (provincia_id,provincia_nombre,region_id)VALUES(18,'San Antonio',6);
	INSERT INTO provincias (provincia_id,provincia_nombre,region_id)VALUES(19,'San Felipe de Aconcagua',6);
	INSERT INTO provincias (provincia_id,provincia_nombre,region_id)VALUES(20,'Valparaiso',6);
	INSERT INTO provincias (provincia_id,provincia_nombre,region_id)VALUES(21,'Chacabuco',7);
	INSERT INTO provincias (provincia_id,provincia_nombre,region_id)VALUES(22,'Cordillera',7);
	INSERT INTO provincias (provincia_id,provincia_nombre,region_id)VALUES(23,'Maipo',7);
	INSERT INTO provincias (provincia_id,provincia_nombre,region_id)VALUES(24,'Melipilla',7);
	INSERT INTO provincias (provincia_id,provincia_nombre,region_id)VALUES(25,'Santiago',7);
	INSERT INTO provincias (provincia_id,provincia_nombre,region_id)VALUES(26,'Talagante',7);
	INSERT INTO provincias (provincia_id,provincia_nombre,region_id)VALUES(27,'Cachapoal',8);
	INSERT INTO provincias (provincia_id,provincia_nombre,region_id)VALUES(28,'Cardenal Caro',8);
	INSERT INTO provincias (provincia_id,provincia_nombre,region_id)VALUES(29,'Colchagua',8);
	INSERT INTO provincias (provincia_id,provincia_nombre,region_id)VALUES(30,'Cauquenes',9);
	INSERT INTO provincias (provincia_id,provincia_nombre,region_id)VALUES(31,'Curico',9);
	INSERT INTO provincias (provincia_id,provincia_nombre,region_id)VALUES(32,'Linares',9);
	INSERT INTO provincias (provincia_id,provincia_nombre,region_id)VALUES(33,'Talca',9);
	INSERT INTO provincias (provincia_id,provincia_nombre,region_id)VALUES(34,'Arauco',10);
	INSERT INTO provincias (provincia_id,provincia_nombre,region_id)VALUES(35,'Bio Bio',10);
	INSERT INTO provincias (provincia_id,provincia_nombre,region_id)VALUES(36,'Concepcion',10);
	INSERT INTO provincias (provincia_id,provincia_nombre,region_id)VALUES(37,'nuble',10);
	INSERT INTO provincias (provincia_id,provincia_nombre,region_id)VALUES(38,'Cautin',11);
	INSERT INTO provincias (provincia_id,provincia_nombre,region_id)VALUES(39,'Malleco',11);
	INSERT INTO provincias (provincia_id,provincia_nombre,region_id)VALUES(40,'Valdivia',12);
	INSERT INTO provincias (provincia_id,provincia_nombre,region_id)VALUES(41,'Ranco',12);
	INSERT INTO provincias (provincia_id,provincia_nombre,region_id)VALUES(42,'Chiloe',13);
	INSERT INTO provincias (provincia_id,provincia_nombre,region_id)VALUES(43,'Llanquihue',13);
	INSERT INTO provincias (provincia_id,provincia_nombre,region_id)VALUES(44,'Osorno',13);
	INSERT INTO provincias (provincia_id,provincia_nombre,region_id)VALUES(45,'Palena',13);
	INSERT INTO provincias (provincia_id,provincia_nombre,region_id)VALUES(46,'Aisen',14);
	INSERT INTO provincias (provincia_id,provincia_nombre,region_id)VALUES(47,'Capitan Prat',14);
	INSERT INTO provincias (provincia_id,provincia_nombre,region_id)VALUES(48,'Coihaique',14);
	INSERT INTO provincias (provincia_id,provincia_nombre,region_id)VALUES(49,'General Carrera',14);
	INSERT INTO provincias (provincia_id,provincia_nombre,region_id)VALUES(50,'Antartica Chilena',15);
	INSERT INTO provincias (provincia_id,provincia_nombre,region_id)VALUES(51,'Magallanes',15);
	INSERT INTO provincias (provincia_id,provincia_nombre,region_id)VALUES(52,'Tierra del Fuego',15);
	INSERT INTO provincias (provincia_id,provincia_nombre,region_id)VALUES(53,'ultima Esperanza',15);
	


    INSERT INTO comunas (comuna_id,comuna_nombre,provincia_id) values(1,'Arica',1);
	INSERT INTO comunas (comuna_id,comuna_nombre,provincia_id) values(2,'Camarones',1);
	INSERT INTO comunas (comuna_id,comuna_nombre,provincia_id) values(3,'General Lagos',2);
	INSERT INTO comunas (comuna_id,comuna_nombre,provincia_id) values(4,'Putre',2);
	INSERT INTO comunas (comuna_id,comuna_nombre,provincia_id) values(5,'Alto Hospicio',3);
	INSERT INTO comunas (comuna_id,comuna_nombre,provincia_id) values(6,'Iquique',3);
	INSERT INTO comunas (comuna_id,comuna_nombre,provincia_id) values(7,'Camina',4);
	INSERT INTO comunas (comuna_id,comuna_nombre,provincia_id) values(8,'Colchane',4);
	INSERT INTO comunas (comuna_id,comuna_nombre,provincia_id) values(9,'Huara',4);
	INSERT INTO comunas (comuna_id,comuna_nombre,provincia_id) values(10,'Pica',4);
	INSERT INTO comunas (comuna_id,comuna_nombre,provincia_id) values(11,'Pozo Almonte',4);
	INSERT INTO comunas (comuna_id,comuna_nombre,provincia_id) values(12,'Antofagasta',5);
	INSERT INTO comunas (comuna_id,comuna_nombre,provincia_id) values(13,'Mejillones',5);
	INSERT INTO comunas (comuna_id,comuna_nombre,provincia_id) values(14,'Sierra Gorda',5);
	INSERT INTO comunas (comuna_id,comuna_nombre,provincia_id) values(15,'Taltal',5);
	INSERT INTO comunas (comuna_id,comuna_nombre,provincia_id) values(16,'Calama',6);
	INSERT INTO comunas (comuna_id,comuna_nombre,provincia_id) values(17,'Ollague',6);
	INSERT INTO comunas (comuna_id,comuna_nombre,provincia_id) values(18,'San Pedro de Atacama',6);
	INSERT INTO comunas (comuna_id,comuna_nombre,provincia_id) values(19,'Maria Elena',7);
	INSERT INTO comunas (comuna_id,comuna_nombre,provincia_id) values(20,'Tocopilla',7);
	INSERT INTO comunas (comuna_id,comuna_nombre,provincia_id) values(21,'Chanaral',8);
	INSERT INTO comunas (comuna_id,comuna_nombre,provincia_id) values(22,'Diego de Almagro',8);
	INSERT INTO comunas (comuna_id,comuna_nombre,provincia_id) values(23,'Caldera',9);
	INSERT INTO comunas (comuna_id,comuna_nombre,provincia_id) values(24,'Copiapo',9);
	INSERT INTO comunas (comuna_id,comuna_nombre,provincia_id) values(25,'Tierra Amarilla',9);
	INSERT INTO comunas (comuna_id,comuna_nombre,provincia_id) values(26,'Alto del Carmen',10);
	INSERT INTO comunas (comuna_id,comuna_nombre,provincia_id) values(27,'Freirina',10);
	INSERT INTO comunas (comuna_id,comuna_nombre,provincia_id) values(28,'Huasco',10);
	INSERT INTO comunas (comuna_id,comuna_nombre,provincia_id) values(29,'Vallenar',10);
	INSERT INTO comunas (comuna_id,comuna_nombre,provincia_id) values(30,'Canela',11);
	INSERT INTO comunas (comuna_id,comuna_nombre,provincia_id) values(31,'Illapel',11);
	INSERT INTO comunas (comuna_id,comuna_nombre,provincia_id) values(32,'Los Vilos',11);
	INSERT INTO comunas (comuna_id,comuna_nombre,provincia_id) values(33,'Salamanca',11);
	INSERT INTO comunas (comuna_id,comuna_nombre,provincia_id) values(34,'Andacollo',12);
	INSERT INTO comunas (comuna_id,comuna_nombre,provincia_id) values(35,'Coquimbo',12);
	INSERT INTO comunas (comuna_id,comuna_nombre,provincia_id) values(36,'La Higuera',12);
	INSERT INTO comunas (comuna_id,comuna_nombre,provincia_id) values(37,'La Serena',12);
	INSERT INTO comunas (comuna_id,comuna_nombre,provincia_id) values(38,'Paihuaco',12);
	INSERT INTO comunas (comuna_id,comuna_nombre,provincia_id) values(39,'Vicuna',12);
	INSERT INTO comunas (comuna_id,comuna_nombre,provincia_id) values(40,'Combarbala',13);
	INSERT INTO comunas (comuna_id,comuna_nombre,provincia_id) values(41,'Monte Patria',13);
	INSERT INTO comunas (comuna_id,comuna_nombre,provincia_id) values(42,'Ovalle',13);
	INSERT INTO comunas (comuna_id,comuna_nombre,provincia_id) values(43,'Punitaqui',13);
	INSERT INTO comunas (comuna_id,comuna_nombre,provincia_id) values(44,'Rio Hurtado',13);
	INSERT INTO comunas (comuna_id,comuna_nombre,provincia_id) values(45,'Isla de Pascua',14);
	INSERT INTO comunas (comuna_id,comuna_nombre,provincia_id) values(46,'Calle Larga',15);
	INSERT INTO comunas (comuna_id,comuna_nombre,provincia_id) values(47,'Los Andes',15);
	INSERT INTO comunas (comuna_id,comuna_nombre,provincia_id) values(48,'Rinconada',15);
	INSERT INTO comunas (comuna_id,comuna_nombre,provincia_id) values(49,'San Esteban',15);
	INSERT INTO comunas (comuna_id,comuna_nombre,provincia_id) values(50,'La Ligua',16);
	INSERT INTO comunas (comuna_id,comuna_nombre,provincia_id) values(51,'Papudo',16);
	INSERT INTO comunas (comuna_id,comuna_nombre,provincia_id) values(52,'Petorca',16);
	INSERT INTO comunas (comuna_id,comuna_nombre,provincia_id) values(53,'Zapallar',16);
	INSERT INTO comunas (comuna_id,comuna_nombre,provincia_id) values(54,'Hijuelas',17);
	INSERT INTO comunas (comuna_id,comuna_nombre,provincia_id) values(55,'La Calera',17);
	INSERT INTO comunas (comuna_id,comuna_nombre,provincia_id) values(56,'La Cruz',17);
	INSERT INTO comunas (comuna_id,comuna_nombre,provincia_id) values(57,'Limache',17);
	INSERT INTO comunas (comuna_id,comuna_nombre,provincia_id) values(58,'Nogales',17);
	INSERT INTO comunas (comuna_id,comuna_nombre,provincia_id) values(59,'Olmue',17);
	INSERT INTO comunas (comuna_id,comuna_nombre,provincia_id) values(60,'Quillota',17);
	INSERT INTO comunas (comuna_id,comuna_nombre,provincia_id) values(61,'Algarrobo',18);
	INSERT INTO comunas (comuna_id,comuna_nombre,provincia_id) values(62,'Cartagena',18);
	INSERT INTO comunas (comuna_id,comuna_nombre,provincia_id) values(63,'El Quisco',18);
	INSERT INTO comunas (comuna_id,comuna_nombre,provincia_id) values(64,'El Tabo',18);
	INSERT INTO comunas (comuna_id,comuna_nombre,provincia_id) values(65,'San Antonio',18);
	INSERT INTO comunas (comuna_id,comuna_nombre,provincia_id) values(66,'Santo Domingo',18);
	INSERT INTO comunas (comuna_id,comuna_nombre,provincia_id) values(67,'Catemu',19);
	INSERT INTO comunas (comuna_id,comuna_nombre,provincia_id) values(68,'Llaillay',19);
	INSERT INTO comunas (comuna_id,comuna_nombre,provincia_id) values(69,'Panquehue',19);
	INSERT INTO comunas (comuna_id,comuna_nombre,provincia_id) values(70,'Putaendo',19);
	INSERT INTO comunas (comuna_id,comuna_nombre,provincia_id) values(71,'San Felipe',19);
	INSERT INTO comunas (comuna_id,comuna_nombre,provincia_id) values(72,'Santa Maria',19);
	INSERT INTO comunas (comuna_id,comuna_nombre,provincia_id) values(73,'Casablanca',20);
	INSERT INTO comunas (comuna_id,comuna_nombre,provincia_id) values(74,'Concon',20);
	INSERT INTO comunas (comuna_id,comuna_nombre,provincia_id) values(75,'Juan Fernandez',20);
	INSERT INTO comunas (comuna_id,comuna_nombre,provincia_id) values(76,'Puchuncavi',20);
	INSERT INTO comunas (comuna_id,comuna_nombre,provincia_id) values(77,'Quilpue',20);
	INSERT INTO comunas (comuna_id,comuna_nombre,provincia_id) values(78,'Quintero',20);
	INSERT INTO comunas (comuna_id,comuna_nombre,provincia_id) values(79,'Valparaiso',20);
	INSERT INTO comunas (comuna_id,comuna_nombre,provincia_id) values(80,'Villa Alemana',20);
	INSERT INTO comunas (comuna_id,comuna_nombre,provincia_id) values(81,'Vina del Mar',20);
	INSERT INTO comunas (comuna_id,comuna_nombre,provincia_id) values(82,'Colina',21);
	INSERT INTO comunas (comuna_id,comuna_nombre,provincia_id) values(83,'Lampa',21);
	INSERT INTO comunas (comuna_id,comuna_nombre,provincia_id) values(84,'Tiltil',21);
	INSERT INTO comunas (comuna_id,comuna_nombre,provincia_id) values(85,'Pirque',22);
	INSERT INTO comunas (comuna_id,comuna_nombre,provincia_id) values(86,'Puente Alto',22);
	INSERT INTO comunas (comuna_id,comuna_nombre,provincia_id) values(87,'San Jose de Maipo',22);
	INSERT INTO comunas (comuna_id,comuna_nombre,provincia_id) values(88,'Buin',23);
	INSERT INTO comunas (comuna_id,comuna_nombre,provincia_id) values(89,'Calera de Tango',23);
	INSERT INTO comunas (comuna_id,comuna_nombre,provincia_id) values(90,'Paine',23);
	INSERT INTO comunas (comuna_id,comuna_nombre,provincia_id) values(91,'San Bernardo',23);
	INSERT INTO comunas (comuna_id,comuna_nombre,provincia_id) values(92,'Alhue',24);
	INSERT INTO comunas (comuna_id,comuna_nombre,provincia_id) values(93,'Curacavi',24);
	INSERT INTO comunas (comuna_id,comuna_nombre,provincia_id) values(94,'Maria Pinto',24);
	INSERT INTO comunas (comuna_id,comuna_nombre,provincia_id) values(95,'Melipilla',24);
	INSERT INTO comunas (comuna_id,comuna_nombre,provincia_id) values(96,'San Pedro',24);
	INSERT INTO comunas (comuna_id,comuna_nombre,provincia_id) values(97,'Cerrillos',25);
	INSERT INTO comunas (comuna_id,comuna_nombre,provincia_id) values(98,'Cerro Navia',25);
	INSERT INTO comunas (comuna_id,comuna_nombre,provincia_id) values(99,'Conchali',25);
	INSERT INTO comunas (comuna_id,comuna_nombre,provincia_id) values(100,'El Bosque',25);
	INSERT INTO comunas (comuna_id,comuna_nombre,provincia_id) values(101,'Estacion Central',25);
	INSERT INTO comunas (comuna_id,comuna_nombre,provincia_id) values(102,'Huechuraba',25);
	INSERT INTO comunas (comuna_id,comuna_nombre,provincia_id) values(103,'Independencia',25);
	INSERT INTO comunas (comuna_id,comuna_nombre,provincia_id) values(104,'La Cisterna',25);
	INSERT INTO comunas (comuna_id,comuna_nombre,provincia_id) values(105,'La Granja',25);
	INSERT INTO comunas (comuna_id,comuna_nombre,provincia_id) values(106,'La Florida',25);
	INSERT INTO comunas (comuna_id,comuna_nombre,provincia_id) values(107,'La Pintana',25);
	INSERT INTO comunas (comuna_id,comuna_nombre,provincia_id) values(108,'La Reina',25);
	INSERT INTO comunas (comuna_id,comuna_nombre,provincia_id) values(109,'Las Condes',25);
	INSERT INTO comunas (comuna_id,comuna_nombre,provincia_id) values(110,'Lo Barnechea',25);
	INSERT INTO comunas (comuna_id,comuna_nombre,provincia_id) values(111,'Lo Espejo',25);
	INSERT INTO comunas (comuna_id,comuna_nombre,provincia_id) values(112,'Lo Prado',25);
	INSERT INTO comunas (comuna_id,comuna_nombre,provincia_id) values(113,'Macul',25);
	INSERT INTO comunas (comuna_id,comuna_nombre,provincia_id) values(114,'Maipu',25);
	INSERT INTO comunas (comuna_id,comuna_nombre,provincia_id) values(115,'nunoa',25);
	INSERT INTO comunas (comuna_id,comuna_nombre,provincia_id) values(116,'Pedro Aguirre Cerda',25);
	INSERT INTO comunas (comuna_id,comuna_nombre,provincia_id) values(117,'Penalolen',25);
	INSERT INTO comunas (comuna_id,comuna_nombre,provincia_id) values(118,'Providencia',25);
	INSERT INTO comunas (comuna_id,comuna_nombre,provincia_id) values(119,'Pudahuel',25);
	INSERT INTO comunas (comuna_id,comuna_nombre,provincia_id) values(120,'Quilicura',25);
	INSERT INTO comunas (comuna_id,comuna_nombre,provincia_id) values(121,'Quinta Normal',25);
	INSERT INTO comunas (comuna_id,comuna_nombre,provincia_id) values(122,'Recoleta',25);
	INSERT INTO comunas (comuna_id,comuna_nombre,provincia_id) values(123,'Renca',25);
	INSERT INTO comunas (comuna_id,comuna_nombre,provincia_id) values(124,'San Miguel',25);
	INSERT INTO comunas (comuna_id,comuna_nombre,provincia_id) values(125,'San Joaquin',25);
	INSERT INTO comunas (comuna_id,comuna_nombre,provincia_id) values(126,'San Ramon',25);
	INSERT INTO comunas (comuna_id,comuna_nombre,provincia_id) values(127,'Santiago',25);
	INSERT INTO comunas (comuna_id,comuna_nombre,provincia_id) values(128,'Vitacura',25);
	INSERT INTO comunas (comuna_id,comuna_nombre,provincia_id) values(129,'El Monte',26);
	INSERT INTO comunas (comuna_id,comuna_nombre,provincia_id) values(130,'Isla de Maipo',26);
	INSERT INTO comunas (comuna_id,comuna_nombre,provincia_id) values(131,'Padre Hurtado',26);
	INSERT INTO comunas (comuna_id,comuna_nombre,provincia_id) values(132,'Penaflor',26);
	INSERT INTO comunas (comuna_id,comuna_nombre,provincia_id) values(133,'Talagante',26);
	INSERT INTO comunas (comuna_id,comuna_nombre,provincia_id) values(134,'Codegua',27);
	INSERT INTO comunas (comuna_id,comuna_nombre,provincia_id) values(135,'Coinco',27);
	INSERT INTO comunas (comuna_id,comuna_nombre,provincia_id) values(136,'Coltauco',27);
	INSERT INTO comunas (comuna_id,comuna_nombre,provincia_id) values(137,'Donihue',27);
	INSERT INTO comunas (comuna_id,comuna_nombre,provincia_id) values(138,'Graneros',27);
	INSERT INTO comunas (comuna_id,comuna_nombre,provincia_id) values(139,'Las Cabras',27);
	INSERT INTO comunas (comuna_id,comuna_nombre,provincia_id) values(140,'Machali',27);
	INSERT INTO comunas (comuna_id,comuna_nombre,provincia_id) values(141,'Malloa',27);
	INSERT INTO comunas (comuna_id,comuna_nombre,provincia_id) values(142,'Mostazal',27);
	INSERT INTO comunas (comuna_id,comuna_nombre,provincia_id) values(143,'Olivar',27);
	INSERT INTO comunas (comuna_id,comuna_nombre,provincia_id) values(144,'Peumo',27);
	INSERT INTO comunas (comuna_id,comuna_nombre,provincia_id) values(145,'Pichidegua',27);
	INSERT INTO comunas (comuna_id,comuna_nombre,provincia_id) values(146,'Quinta de Tilcoco',27);
	INSERT INTO comunas (comuna_id,comuna_nombre,provincia_id) values(147,'Rancagua',27);
	INSERT INTO comunas (comuna_id,comuna_nombre,provincia_id) values(148,'Rengo',27);
	INSERT INTO comunas (comuna_id,comuna_nombre,provincia_id) values(149,'Requinoa',27);
	INSERT INTO comunas (comuna_id,comuna_nombre,provincia_id) values(150,'San Vicente de Tagua Tagua',27);
	INSERT INTO comunas (comuna_id,comuna_nombre,provincia_id) values(151,'La Estrella',28);
	INSERT INTO comunas (comuna_id,comuna_nombre,provincia_id) values(152,'Litueche',28);
	INSERT INTO comunas (comuna_id,comuna_nombre,provincia_id) values(153,'Marchihue',28);
	INSERT INTO comunas (comuna_id,comuna_nombre,provincia_id) values(154,'Navidad',28);
	INSERT INTO comunas (comuna_id,comuna_nombre,provincia_id) values(155,'Peredones',28);
	INSERT INTO comunas (comuna_id,comuna_nombre,provincia_id) values(156,'Pichilemu',28);
	INSERT INTO comunas (comuna_id,comuna_nombre,provincia_id) values(157,'Chepica',29);
	INSERT INTO comunas (comuna_id,comuna_nombre,provincia_id) values(158,'Chimbarongo',29);
	INSERT INTO comunas (comuna_id,comuna_nombre,provincia_id) values(159,'Lolol',29);
	INSERT INTO comunas (comuna_id,comuna_nombre,provincia_id) values(160,'Nancagua',29);
	INSERT INTO comunas (comuna_id,comuna_nombre,provincia_id) values(161,'Palmilla',29);
	INSERT INTO comunas (comuna_id,comuna_nombre,provincia_id) values(162,'Peralillo',29);
	INSERT INTO comunas (comuna_id,comuna_nombre,provincia_id) values(163,'Placilla',29);
	INSERT INTO comunas (comuna_id,comuna_nombre,provincia_id) values(164,'Pumanque',29);
	INSERT INTO comunas (comuna_id,comuna_nombre,provincia_id) values(165,'San Fernando',29);
	INSERT INTO comunas (comuna_id,comuna_nombre,provincia_id) values(166,'Santa Cruz',29);
	INSERT INTO comunas (comuna_id,comuna_nombre,provincia_id) values(167,'Cauquenes',30);
	INSERT INTO comunas (comuna_id,comuna_nombre,provincia_id) values(168,'Chanco',30);
	INSERT INTO comunas (comuna_id,comuna_nombre,provincia_id) values(169,'Pelluhue',30);
	INSERT INTO comunas (comuna_id,comuna_nombre,provincia_id) values(170,'Curico',31);
	INSERT INTO comunas (comuna_id,comuna_nombre,provincia_id) values(171,'Hualane',31);
	INSERT INTO comunas (comuna_id,comuna_nombre,provincia_id) values(172,'Licanten',31);
	INSERT INTO comunas (comuna_id,comuna_nombre,provincia_id) values(173,'Molina',31);
	INSERT INTO comunas (comuna_id,comuna_nombre,provincia_id) values(174,'Rauco',31);
	INSERT INTO comunas (comuna_id,comuna_nombre,provincia_id) values(175,'Romeral',31);
	INSERT INTO comunas (comuna_id,comuna_nombre,provincia_id) values(176,'Sagrada Familia',31);
	INSERT INTO comunas (comuna_id,comuna_nombre,provincia_id) values(177,'Teno',31);
	INSERT INTO comunas (comuna_id,comuna_nombre,provincia_id) values(178,'Vichuquen',31);
	INSERT INTO comunas (comuna_id,comuna_nombre,provincia_id) values(179,'Colbun',32);
	INSERT INTO comunas (comuna_id,comuna_nombre,provincia_id) values(180,'Linares',32);
	INSERT INTO comunas (comuna_id,comuna_nombre,provincia_id) values(181,'Longavi',32);
	INSERT INTO comunas (comuna_id,comuna_nombre,provincia_id) values(182,'Parral',32);
	INSERT INTO comunas (comuna_id,comuna_nombre,provincia_id) values(183,'Retiro',32);
	INSERT INTO comunas (comuna_id,comuna_nombre,provincia_id) values(184,'San Javier',32);
	INSERT INTO comunas (comuna_id,comuna_nombre,provincia_id) values(185,'Villa Alegre',32);
	INSERT INTO comunas (comuna_id,comuna_nombre,provincia_id) values(186,'Yerbas Buenas',32);
	INSERT INTO comunas (comuna_id,comuna_nombre,provincia_id) values(187,'Constitucion',33);
	INSERT INTO comunas (comuna_id,comuna_nombre,provincia_id) values(188,'Curepto',33);
	INSERT INTO comunas (comuna_id,comuna_nombre,provincia_id) values(189,'Empedrado',33);
	INSERT INTO comunas (comuna_id,comuna_nombre,provincia_id) values(190,'Maule',33);
	INSERT INTO comunas (comuna_id,comuna_nombre,provincia_id) values(191,'Pelarco',33);
	INSERT INTO comunas (comuna_id,comuna_nombre,provincia_id) values(192,'Pencahue',33);
	INSERT INTO comunas (comuna_id,comuna_nombre,provincia_id) values(193,'Rio Claro',33);
	INSERT INTO comunas (comuna_id,comuna_nombre,provincia_id) values(194,'San Clemente',33);
	INSERT INTO comunas (comuna_id,comuna_nombre,provincia_id) values(195,'San Rafael',33);
	INSERT INTO comunas (comuna_id,comuna_nombre,provincia_id) values(196,'Talca',33);
	INSERT INTO comunas (comuna_id,comuna_nombre,provincia_id) values(197,'Arauco',34);
	INSERT INTO comunas (comuna_id,comuna_nombre,provincia_id) values(198,'Canete',34);
	INSERT INTO comunas (comuna_id,comuna_nombre,provincia_id) values(199,'Contulmo',34);
	INSERT INTO comunas (comuna_id,comuna_nombre,provincia_id) values(200,'Curanilahue',34);
	INSERT INTO comunas (comuna_id,comuna_nombre,provincia_id) values(201,'Lebu',34);
	INSERT INTO comunas (comuna_id,comuna_nombre,provincia_id) values(202,'Los alamos',34);
	INSERT INTO comunas (comuna_id,comuna_nombre,provincia_id) values(203,'Tirua',34);
	INSERT INTO comunas (comuna_id,comuna_nombre,provincia_id) values(204,'Alto Biobio',35);
	INSERT INTO comunas (comuna_id,comuna_nombre,provincia_id) values(205,'Antuco',35);
	INSERT INTO comunas (comuna_id,comuna_nombre,provincia_id) values(206,'Cabrero',35);
	INSERT INTO comunas (comuna_id,comuna_nombre,provincia_id) values(207,'Laja',35);
	INSERT INTO comunas (comuna_id,comuna_nombre,provincia_id) values(208,'Los angeles',35);
	INSERT INTO comunas (comuna_id,comuna_nombre,provincia_id) values(209,'Mulchen',35);
	INSERT INTO comunas (comuna_id,comuna_nombre,provincia_id) values(210,'Nacimiento',35);
	INSERT INTO comunas (comuna_id,comuna_nombre,provincia_id) values(211,'Negrete',35);
	INSERT INTO comunas (comuna_id,comuna_nombre,provincia_id) values(212,'Quilaco',35);
	INSERT INTO comunas (comuna_id,comuna_nombre,provincia_id) values(213,'Quilleco',35);
	INSERT INTO comunas (comuna_id,comuna_nombre,provincia_id) values(214,'San Rosendo',35);
	INSERT INTO comunas (comuna_id,comuna_nombre,provincia_id) values(215,'Santa Barbara',35);
	INSERT INTO comunas (comuna_id,comuna_nombre,provincia_id) values(216,'Tucapel',35);
	INSERT INTO comunas (comuna_id,comuna_nombre,provincia_id) values(217,'Yumbel',35);
	INSERT INTO comunas (comuna_id,comuna_nombre,provincia_id) values(218,'Chiguayante',36);
	INSERT INTO comunas (comuna_id,comuna_nombre,provincia_id) values(219,'Concepcion',36);
	INSERT INTO comunas (comuna_id,comuna_nombre,provincia_id) values(220,'Coronel',36);
	INSERT INTO comunas (comuna_id,comuna_nombre,provincia_id) values(221,'Florida',36);
	INSERT INTO comunas (comuna_id,comuna_nombre,provincia_id) values(222,'Hualpen',36);
	INSERT INTO comunas (comuna_id,comuna_nombre,provincia_id) values(223,'Hualqui',36);
	INSERT INTO comunas (comuna_id,comuna_nombre,provincia_id) values(224,'Lota',36);
	INSERT INTO comunas (comuna_id,comuna_nombre,provincia_id) values(225,'Penco',36);
	INSERT INTO comunas (comuna_id,comuna_nombre,provincia_id) values(226,'San Pedro de La Paz',36);
	INSERT INTO comunas (comuna_id,comuna_nombre,provincia_id) values(227,'Santa Juana',36);
	INSERT INTO comunas (comuna_id,comuna_nombre,provincia_id) values(228,'Talcahuano',36);
	INSERT INTO comunas (comuna_id,comuna_nombre,provincia_id) values(229,'Tome',36);
	INSERT INTO comunas (comuna_id,comuna_nombre,provincia_id) values(230,'Bulnes',37);
	INSERT INTO comunas (comuna_id,comuna_nombre,provincia_id) values(231,'Chillan',37);
	INSERT INTO comunas (comuna_id,comuna_nombre,provincia_id) values(232,'Chillan Viejo',37);
	INSERT INTO comunas (comuna_id,comuna_nombre,provincia_id) values(233,'Cobquecura',37);
	INSERT INTO comunas (comuna_id,comuna_nombre,provincia_id) values(234,'Coelemu',37);
	INSERT INTO comunas (comuna_id,comuna_nombre,provincia_id) values(235,'Coihueco',37);
	INSERT INTO comunas (comuna_id,comuna_nombre,provincia_id) values(236,'El Carmen',37);
	INSERT INTO comunas (comuna_id,comuna_nombre,provincia_id) values(237,'Ninhue',37);
	INSERT INTO comunas (comuna_id,comuna_nombre,provincia_id) values(238,'niquen',37);
	INSERT INTO comunas (comuna_id,comuna_nombre,provincia_id) values(239,'Pemuco',37);
	INSERT INTO comunas (comuna_id,comuna_nombre,provincia_id) values(240,'Pinto',37);
	INSERT INTO comunas (comuna_id,comuna_nombre,provincia_id) values(241,'Portezuelo',37);
	INSERT INTO comunas (comuna_id,comuna_nombre,provincia_id) values(242,'Quillon',37);
	INSERT INTO comunas (comuna_id,comuna_nombre,provincia_id) values(243,'Quirihue',37);
	INSERT INTO comunas (comuna_id,comuna_nombre,provincia_id) values(244,'Ranquil',37);
	INSERT INTO comunas (comuna_id,comuna_nombre,provincia_id) values(245,'San Carlos',37);
	INSERT INTO comunas (comuna_id,comuna_nombre,provincia_id) values(246,'San Fabian',37);
	INSERT INTO comunas (comuna_id,comuna_nombre,provincia_id) values(247,'San Ignacio',37);
	INSERT INTO comunas (comuna_id,comuna_nombre,provincia_id) values(248,'San Nicolas',37);
	INSERT INTO comunas (comuna_id,comuna_nombre,provincia_id) values(249,'Treguaco',37);
	INSERT INTO comunas (comuna_id,comuna_nombre,provincia_id) values(250,'Yungay',37);
	INSERT INTO comunas (comuna_id,comuna_nombre,provincia_id) values(251,'Carahue',38);
	INSERT INTO comunas (comuna_id,comuna_nombre,provincia_id) values(252,'Cholchol',38);
	INSERT INTO comunas (comuna_id,comuna_nombre,provincia_id) values(253,'Cunco',38);
	INSERT INTO comunas (comuna_id,comuna_nombre,provincia_id) values(254,'Curarrehue',38);
	INSERT INTO comunas (comuna_id,comuna_nombre,provincia_id) values(255,'Freire',38);
	INSERT INTO comunas (comuna_id,comuna_nombre,provincia_id) values(256,'Galvarino',38);
	INSERT INTO comunas (comuna_id,comuna_nombre,provincia_id) values(257,'Gorbea',38);
	INSERT INTO comunas (comuna_id,comuna_nombre,provincia_id) values(258,'Lautaro',38);
	INSERT INTO comunas (comuna_id,comuna_nombre,provincia_id) values(259,'Loncoche',38);
	INSERT INTO comunas (comuna_id,comuna_nombre,provincia_id) values(260,'Melipeuco',38);
	INSERT INTO comunas (comuna_id,comuna_nombre,provincia_id) values(261,'Nueva Imperial',38);
	INSERT INTO comunas (comuna_id,comuna_nombre,provincia_id) values(262,'Padre Las Casas',38);
	INSERT INTO comunas (comuna_id,comuna_nombre,provincia_id) values(263,'Perquenco',38);
	INSERT INTO comunas (comuna_id,comuna_nombre,provincia_id) values(264,'Pitrufquen',38);
	INSERT INTO comunas (comuna_id,comuna_nombre,provincia_id) values(265,'Pucon',38);
	INSERT INTO comunas (comuna_id,comuna_nombre,provincia_id) values(266,'Saavedra',38);
	INSERT INTO comunas (comuna_id,comuna_nombre,provincia_id) values(267,'Temuco',38);
	INSERT INTO comunas (comuna_id,comuna_nombre,provincia_id) values(268,'Teodoro Schmidt',38);
	INSERT INTO comunas (comuna_id,comuna_nombre,provincia_id) values(269,'Tolten',38);
	INSERT INTO comunas (comuna_id,comuna_nombre,provincia_id) values(270,'Vilcun',38);
	INSERT INTO comunas (comuna_id,comuna_nombre,provincia_id) values(271,'Villarrica',38);
	INSERT INTO comunas (comuna_id,comuna_nombre,provincia_id) values(272,'Angol',39);
	INSERT INTO comunas (comuna_id,comuna_nombre,provincia_id) values(273,'Collipulli',39);
	INSERT INTO comunas (comuna_id,comuna_nombre,provincia_id) values(274,'Curacautin',39);
	INSERT INTO comunas (comuna_id,comuna_nombre,provincia_id) values(275,'Ercilla',39);
	INSERT INTO comunas (comuna_id,comuna_nombre,provincia_id) values(276,'Lonquimay',39);
	INSERT INTO comunas (comuna_id,comuna_nombre,provincia_id) values(277,'Los Sauces',39);
	INSERT INTO comunas (comuna_id,comuna_nombre,provincia_id) values(278,'Lumaco',39);
	INSERT INTO comunas (comuna_id,comuna_nombre,provincia_id) values(279,'Puren',39);
	INSERT INTO comunas (comuna_id,comuna_nombre,provincia_id) values(280,'Renaico',39);
	INSERT INTO comunas (comuna_id,comuna_nombre,provincia_id) values(281,'Traiguen',39);
	INSERT INTO comunas (comuna_id,comuna_nombre,provincia_id) values(282,'Victoria',39);
	INSERT INTO comunas (comuna_id,comuna_nombre,provincia_id) values(283,'Corral',40);
	INSERT INTO comunas (comuna_id,comuna_nombre,provincia_id) values(284,'Lanco',40);
	INSERT INTO comunas (comuna_id,comuna_nombre,provincia_id) values(285,'Los Lagos',40);
	INSERT INTO comunas (comuna_id,comuna_nombre,provincia_id) values(286,'Mafil',40);
	INSERT INTO comunas (comuna_id,comuna_nombre,provincia_id) values(287,'Mariquina',40);
	INSERT INTO comunas (comuna_id,comuna_nombre,provincia_id) values(288,'Paillaco',40);
	INSERT INTO comunas (comuna_id,comuna_nombre,provincia_id) values(289,'Panguipulli',40);
	INSERT INTO comunas (comuna_id,comuna_nombre,provincia_id) values(290,'Valdivia',40);
	INSERT INTO comunas (comuna_id,comuna_nombre,provincia_id) values(291,'Futrono',41);
	INSERT INTO comunas (comuna_id,comuna_nombre,provincia_id) values(292,'La Union',41);
	INSERT INTO comunas (comuna_id,comuna_nombre,provincia_id) values(293,'Lago Ranco',41);
	INSERT INTO comunas (comuna_id,comuna_nombre,provincia_id) values(294,'Rio Bueno',41);
	INSERT INTO comunas (comuna_id,comuna_nombre,provincia_id) values(295,'Ancud',42);
	INSERT INTO comunas (comuna_id,comuna_nombre,provincia_id) values(296,'Castro',42);
	INSERT INTO comunas (comuna_id,comuna_nombre,provincia_id) values(297,'Chonchi',42);
	INSERT INTO comunas (comuna_id,comuna_nombre,provincia_id) values(298,'Curaco de Velez',42);
	INSERT INTO comunas (comuna_id,comuna_nombre,provincia_id) values(299,'Dalcahue',42);
	INSERT INTO comunas (comuna_id,comuna_nombre,provincia_id) values(300,'Puqueldon',42);
	INSERT INTO comunas (comuna_id,comuna_nombre,provincia_id) values(301,'Queilen',42);
	INSERT INTO comunas (comuna_id,comuna_nombre,provincia_id) values(302,'Quemchi',42);
	INSERT INTO comunas (comuna_id,comuna_nombre,provincia_id) values(303,'Quellon',42);
	INSERT INTO comunas (comuna_id,comuna_nombre,provincia_id) values(304,'Quinchao',42);
	INSERT INTO comunas (comuna_id,comuna_nombre,provincia_id) values(305,'Calbuco',43);
	INSERT INTO comunas (comuna_id,comuna_nombre,provincia_id) values(306,'Cochamo',43);
	INSERT INTO comunas (comuna_id,comuna_nombre,provincia_id) values(307,'Fresia',43);
	INSERT INTO comunas (comuna_id,comuna_nombre,provincia_id) values(308,'Frutillar',43);
	INSERT INTO comunas (comuna_id,comuna_nombre,provincia_id) values(309,'Llanquihue',43);
	INSERT INTO comunas (comuna_id,comuna_nombre,provincia_id) values(310,'Los Muermos',43);
	INSERT INTO comunas (comuna_id,comuna_nombre,provincia_id) values(311,'Maullin',43);
	INSERT INTO comunas (comuna_id,comuna_nombre,provincia_id) values(312,'Puerto Montt',43);
	INSERT INTO comunas (comuna_id,comuna_nombre,provincia_id) values(313,'Puerto Varas',43);
	INSERT INTO comunas (comuna_id,comuna_nombre,provincia_id) values(314,'Osorno',44);
	INSERT INTO comunas (comuna_id,comuna_nombre,provincia_id) values(315,'Puero Octay',44);
	INSERT INTO comunas (comuna_id,comuna_nombre,provincia_id) values(316,'Purranque',44);
	INSERT INTO comunas (comuna_id,comuna_nombre,provincia_id) values(317,'Puyehue',44);
	INSERT INTO comunas (comuna_id,comuna_nombre,provincia_id) values(318,'Rio Negro',44);
	INSERT INTO comunas (comuna_id,comuna_nombre,provincia_id) values(319,'San Juan de la Costa',44);
	INSERT INTO comunas (comuna_id,comuna_nombre,provincia_id) values(320,'San Pablo',44);
	INSERT INTO comunas (comuna_id,comuna_nombre,provincia_id) values(321,'Chaiten',45);
	INSERT INTO comunas (comuna_id,comuna_nombre,provincia_id) values(322,'Futaleufu',45);
	INSERT INTO comunas (comuna_id,comuna_nombre,provincia_id) values(323,'Hualaihue',45);
	INSERT INTO comunas (comuna_id,comuna_nombre,provincia_id) values(324,'Palena',45);
	INSERT INTO comunas (comuna_id,comuna_nombre,provincia_id) values(325,'Aisen',46);
	INSERT INTO comunas (comuna_id,comuna_nombre,provincia_id) values(326,'Cisnes',46);
	INSERT INTO comunas (comuna_id,comuna_nombre,provincia_id) values(327,'Guaitecas',46);
	INSERT INTO comunas (comuna_id,comuna_nombre,provincia_id) values(328,'Cochrane',47);
	INSERT INTO comunas (comuna_id,comuna_nombre,provincia_id) values(329,'Ohiggins',47);
	INSERT INTO comunas (comuna_id,comuna_nombre,provincia_id) values(330,'Tortel',47);
	INSERT INTO comunas (comuna_id,comuna_nombre,provincia_id) values(331,'Coihaique',48);
	INSERT INTO comunas (comuna_id,comuna_nombre,provincia_id) values(332,'Lago Verde',48);
	INSERT INTO comunas (comuna_id,comuna_nombre,provincia_id) values(333,'Chile Chico',49);
	INSERT INTO comunas (comuna_id,comuna_nombre,provincia_id) values(334,'Rio Ibanez',49);
	INSERT INTO comunas (comuna_id,comuna_nombre,provincia_id) values(335,'Antartica',50);
	INSERT INTO comunas (comuna_id,comuna_nombre,provincia_id) values(336,'Cabo de Hornos',50);
	INSERT INTO comunas (comuna_id,comuna_nombre,provincia_id) values(337,'Laguna Blanca',51);
	INSERT INTO comunas (comuna_id,comuna_nombre,provincia_id) values(338,'Punta Arenas',51);
	INSERT INTO comunas (comuna_id,comuna_nombre,provincia_id) values(339,'Rio Verde',51);
	INSERT INTO comunas (comuna_id,comuna_nombre,provincia_id) values(340,'San Gregorio',51);
	INSERT INTO comunas (comuna_id,comuna_nombre,provincia_id) values(341,'Porvenir',52);
	INSERT INTO comunas (comuna_id,comuna_nombre,provincia_id) values(342,'Primavera',52);
	INSERT INTO comunas (comuna_id,comuna_nombre,provincia_id) values(343,'Timaukel',52);
	INSERT INTO comunas (comuna_id,comuna_nombre,provincia_id) values(344,'Natales',53);
	INSERT INTO comunas (comuna_id,comuna_nombre,provincia_id) values(345,'Torres del Paine',53);
	
	
	

	

